generation,sequence,is_valid,failed_filters,pareto_rank,crowding_distance,penetration_objective,functional_objective,synthesis_objective,scalar_optimization_score,edit_distance,formula,molecular_weight,tpsa,logp,hbd,hba,rotatable_bonds,formal_charge
,PTTPS,True,,0,inf,0.686630075131,0.6666666666666666,1.0,0.4577533834206667,2,C21H35N5O9,501.5370000000003,217.62999999999997,-3.9776999999999907,8,9,11,0
,KTTPP,True,,0,inf,0.677510092044,0.6695833333333333,1.0,0.453649465797795,2,C24H42N6O8,542.6340000000005,228.61999999999998,-2.7594999999999894,7,9,13,0
,KTTKS,True,,0,inf,0.39494829559099986,1.0,1.0,0.39494829559099986,0,C23H45N7O9,563.6530000000005,292.45,-4.650599999999999,11,11,20,0
,KTTPS,True,,0,0.8947311424130133,0.5459175455668367,0.8333333333333334,1.0,0.45493128797236393,1,C22H40N6O9,532.5950000000005,257.64,-4.273399999999995,9,10,15,0
,KTTPA,True,,0,0.7702861744109442,0.6346951327329797,0.6870833333333334,1.0,0.4360884474486182,2,C22H40N6O8,516.5960000000005,237.40999999999997,-3.245799999999992,8,9,14,0
,KTTKA,True,,0,0.6036257232492028,0.43424276465134704,0.8537500000000001,1.0,0.3707347603210876,1,C23H45N7O8,547.6540000000005,272.21999999999997,-3.6229999999999976,10,10,19,0
,KTTKP,True,,0,0.413956315004693,0.5042459572482447,0.83625,1.0,0.4216756817488447,1,C25H47N7O8,573.6920000000002,263.43,-3.136699999999996,9,10,18,0
,KTTKG,True,,0,0.2924985103879201,0.435382893238347,0.8450000000000001,1.0,0.36789854478640327,1,C22H43N7O8,533.6270000000005,272.21999999999997,-4.011499999999999,10,10,19,0
,KTTPG,True,,0,0.19928654038158347,0.6349639601879797,0.6783333333333333,1.0,0.43071721966084625,2,C21H38N6O8,502.5690000000004,237.40999999999997,-3.6342999999999925,8,9,14,0
,KPTPS,True,,1,inf,0.678509389551,0.6666666666666666,1.0,0.452339593034,2,C23H40N6O8,528.6070000000004,228.61999999999995,-3.1479999999999904,7,9,13,0
,PTTKP,True,,1,inf,0.6654209083705307,0.6695833333333333,1.0,0.4455547498964345,2,C24H42N6O8,542.6340000000005,223.42,-2.8409999999999904,8,9,14,0
,RTTKS,True,,1,inf,0.39059716111099985,0.8566666666666667,1.0,0.33461156801842323,1,C23H45N9O9,591.6670000000004,328.33,-5.516330000000006,13,11,20,0
,KTTRS,True,,1,inf,0.39059716111099985,0.8566666666666667,1.0,0.33461156801842323,1,C23H45N9O9,591.6670000000004,328.33,-5.516330000000011,13,11,20,0
,PTTKS,True,,1,1.1460144705954023,0.5196779537301021,0.8333333333333334,1.0,0.4330649614417517,1,C22H40N6O9,532.5950000000005,252.43999999999997,-4.354899999999997,10,10,16,0
,KATKA,True,,1,0.9755921658731085,0.5437178237690612,0.694861111111111,1.0,0.37780837115508514,2,C22H43N7O7,517.6280000000004,251.98999999999998,-2.9838999999999958,9,9,18,0
,PTTKA,True,,1,0.33471301359987277,0.6147719694676734,0.6870833333333334,1.0,0.4223995740217473,2,C22H40N6O8,516.5960000000003,232.20999999999998,-3.327299999999992,9,9,15,0
,KTAKS,True,,1,0.3337160832269132,0.435382893238347,0.8411111111111113,1.0,0.3662053890904764,1,C22H43N7O8,533.6270000000005,272.21999999999997,-4.011500000000001,10,10,19,0
,KATKS,True,,1,0.1483607662208869,0.435382893238347,0.8411111111111113,1.0,0.3662053890904764,1,C22H43N7O8,533.6270000000005,272.21999999999997,-4.011500000000001,10,10,19,0
,PTTKG,True,,1,0.1366529204580611,0.6150407969226734,0.6783333333333333,1.0,0.41720267391254684,2,C21H38N6O8,502.56900000000036,232.20999999999998,-3.7157999999999936,9,9,15,0
,QTTKS,True,,1,0.13300988902790437,0.404453895119,0.8488888888888889,1.0,0.34333641763435113,1,C22H41N7O10,563.6090000000004,309.52000000000004,-5.5141000000000036,11,11,19,0
,KTAPS,True,,1,0.1262533680062609,0.6349639601879797,0.6744444444444445,1.0,0.42824791537122636,2,C21H38N6O8,502.5690000000004,237.40999999999997,-3.634299999999993,8,9,14,0
,KTAKA,True,,1,0.12443289029246349,0.5437178237690612,0.694861111111111,1.0,0.37780837115508514,2,C22H43N7O7,517.6280000000005,251.98999999999998,-2.9838999999999958,9,9,18,0
,KATPS,True,,1,0.09478353471960069,0.6349639601879797,0.6744444444444445,1.0,0.42824791537122636,2,C21H38N6O8,502.56900000000036,237.40999999999997,-3.634299999999991,8,9,14,0
,KTTKT,True,,1,0.08906399996733111,0.3929658175999998,0.8537500000000001,1.0,0.33549456677599987,1,C24H47N7O9,577.6800000000005,292.45,-4.2620999999999984,11,11,20,0
,KTTQS,True,,1,0.08083699098673214,0.404453895119,0.8488888888888889,1.0,0.34333641763435113,1,C22H41N7O10,563.6090000000004,309.52000000000004,-5.514100000000003,11,11,19,0
,KTPPS,True,,2,inf,0.6785093895509999,0.6666666666666666,1.0,0.45233959303399995,2,C23H40N6O8,528.6070000000005,228.61999999999998,-3.1479999999999904,7,9,13,0
,KTPKP,True,,2,inf,0.6474519633533877,0.6695833333333333,1.0,0.43352304379537254,2,C26H47N7O7,569.7040000000004,234.41,-2.0112999999999905,7,9,16,0
,KTTKN,True,,2,inf,0.3907773189589999,0.8537500000000001,1.0,0.33362613606124625,1,C24H46N8O9,590.6790000000003,315.31,-4.767500000000005,11,11,21,0
,KPTKS,True,,2,1.1621275268257512,0.5061165558872449,0.8333333333333334,1.0,0.42176379657270413,1,C24H45N7O8,559.6650000000004,263.42999999999995,-3.5251999999999977,9,10,18,0
,KVTKA,True,,2,0.9775600725258774,0.5334417250290612,0.694861111111111,1.0,0.3706679097667212,2,C24H47N7O7,545.6820000000004,251.98999999999998,-2.3477999999999923,9,9,19,0
,KPTKA,True,,2,0.3293148502404307,0.6017483824848164,0.6870833333333334,1.0,0.4134512844656093,2,C24H45N7O7,543.6660000000004,243.19999999999996,-2.4975999999999923,8,9,17,0
,STTKS,True,,2,0.32699679222393807,0.42399122686400004,0.8411111111111113,1.0,0.3566237319289423,1,C20H38N6O10,522.5560000000004,286.66,-5.787300000000004,11,11,17,0
,KPTKG,True,,2,0.16412101280012498,0.6027766317198164,0.6783333333333333,1.0,0.40888348184994217,2,C23H43N7O7,529.6390000000005,243.19999999999996,-2.886099999999992,8,9,17,0
,KTVKA,True,,2,0.1365412765468745,0.5334417250290612,0.694861111111111,1.0,0.3706679097667212,2,C24H47N7O7,545.6820000000005,251.98999999999998,-2.347799999999994,9,9,19,0
,KVTPS,True,,2,0.11897351051244634,0.6295327918199797,0.6744444444444445,1.0,0.42458489403858635,2,C23H42N6O8,530.6230000000005,237.40999999999997,-2.9981999999999904,8,9,15,0
,KTTSS,True,,2,0.10991342580694087,0.42399122686400004,0.8411111111111113,1.0,0.3566237319289423,1,C20H38N6O10,522.5560000000004,286.65999999999997,-5.7873,11,11,17,0
,ETTKS,True,,2,0.09432322536150653,0.40432774435099994,0.8488888888888889,1.0,0.34322932964907105,1,C22H40N6O11,564.5930000000004,303.73,-4.914799999999999,11,11,19,0
,KTTES,True,,2,0.08866776796830304,0.40432774435099994,0.8488888888888889,1.0,0.34322932964907105,1,C22H40N6O11,564.5930000000004,303.73,-4.9148,11,11,19,0
,KTVPS,True,,2,0.0830642167360053,0.6295327918199797,0.6744444444444445,1.0,0.42458489403858635,2,C23H42N6O8,530.6230000000005,237.40999999999997,-2.9981999999999904,8,9,15,0
,KPTKP,True,,2,0.07786748325419425,0.6474519633533877,0.6695833333333333,1.0,0.43352304379537254,2,C26H47N7O7,569.7040000000003,234.40999999999997,-2.0112999999999905,7,9,16,0
,PTPKS,True,,3,inf,0.6664202058775306,0.6666666666666666,1.0,0.444280137251687,2,C23H40N6O8,528.6070000000005,223.42,-3.2294999999999923,8,9,14,0
,PPTKS,True,,3,inf,0.6664202058775306,0.6666666666666666,1.0,0.444280137251687,2,C23H40N6O8,528.6070000000003,223.42,-3.2294999999999923,8,9,14,0
,KTTAP,True,,3,inf,0.6346951327329797,0.6695833333333333,1.0,0.424981282625791,2,C22H40N6O8,516.5960000000005,237.40999999999997,-3.2457999999999902,8,9,14,0
,KTSKS,True,,3,inf,0.3965372601239999,0.8488888888888889,1.0,0.3366160741497066,1,C22H43N7O9,549.6260000000005,292.45,-5.0390999999999995,11,11,20,0
,KSTKS,True,,3,inf,0.3965372601239999,0.8488888888888889,1.0,0.3366160741497066,1,C22H43N7O9,549.6260000000004,292.45,-5.0390999999999995,11,11,20,0
,KTPKS,True,,3,1.5068177099967537,0.5061165558872447,0.8333333333333334,1.0,0.4217637965727039,1,C24H45N7O8,559.6650000000005,263.43,-3.5251999999999977,9,10,18,0
,KTPKA,True,,3,1.2087653096568658,0.6017483824848162,0.6870833333333334,1.0,0.4134512844656092,2,C24H45N7O7,543.6660000000005,243.2,-2.4975999999999923,8,9,17,0
,KVTKS,True,,3,0.3498806752806003,0.4232091226063469,0.8411111111111113,1.0,0.35596589534778295,1,C24H47N7O8,561.6810000000004,272.21999999999997,-3.3753999999999977,10,10,20,0
,KTVKS,True,,3,0.1415104478046214,0.4232091226063469,0.8411111111111113,1.0,0.35596589534778295,1,C24H47N7O8,561.6810000000005,272.21999999999997,-3.3753999999999995,10,10,20,0
,KTPKG,True,,3,0.11861227333515043,0.6027766317198163,0.6783333333333333,1.0,0.40888348184994205,2,C23H43N7O7,529.6390000000006,243.2,-2.8860999999999937,8,9,17,0
,PTAKS,True,,3,0.09416687205774059,0.6150407969226734,0.6744444444444445,1.0,0.4148108485911809,2,C21H38N6O8,502.56900000000036,232.20999999999998,-3.7157999999999936,9,9,15,0
,PATKS,True,,3,0.07211936424809627,0.6150407969226734,0.6744444444444445,1.0,0.4148108485911809,2,C21H38N6O8,502.56900000000036,232.21,-3.7157999999999953,9,9,15,0
,ATTPS,True,,4,inf,0.6564308112244899,0.6666666666666666,1.0,0.43762054081632656,2,C19H33N5O9,475.4990000000003,231.61999999999998,-4.382499999999991,8,9,11,0
,ATTKP,True,,4,inf,0.6346951327329796,0.6695833333333333,1.0,0.42498128262579093,2,C22H40N6O8,516.5960000000005,237.41,-3.245799999999992,8,9,14,0
,KTTKC,True,,4,inf,0.419658230526347,0.83625,0.8,0.3509391952776577,1,C23H45N7O8S,579.7210000000005,272.21999999999997,-3.7130999999999954,11,11,20,0
,KTTKD,True,,4,inf,0.3905978944309999,0.8450000000000001,1.0,0.33005522079419497,1,C24H45N7O10,591.6630000000005,309.52000000000004,-4.168199999999999,11,11,21,0
,KTTAA,True,,4,1.2960742921970079,0.5796423469387756,0.6870833333333334,1.0,0.39826259587585044,2,C20H38N6O8,490.5580000000003,246.19999999999996,-3.732099999999993,9,9,15,0
,KTTGS,True,,4,1.202174968723078,0.47811549872449,0.8255555555555556,1.0,0.3947109061692179,1,C19H36N6O9,492.5300000000003,266.42999999999995,-5.1482,10,10,16,0
,KTTAS,True,,4,0.2798711412562634,0.47807250447549,0.8333333333333334,1.0,0.39839375372957503,1,C20H38N6O9,506.5570000000003,266.42999999999995,-4.759699999999998,10,10,16,0
,KATKP,True,,4,0.17984027541757944,0.6017483824848163,0.6773611111111112,1.0,0.4076009529692291,2,C24H45N7O7,543.6660000000004,243.2,-2.4975999999999923,8,9,17,0
,PTVKS,True,,4,0.1675515198542646,0.6086096285546735,0.6744444444444445,1.0,0.4104733828140965,2,C23H42N6O8,530.6230000000005,232.20999999999998,-3.0796999999999923,9,9,16,0
,KTTNS,True,,4,0.11732916897064928,0.4145416252759999,0.8411111111111113,1.0,0.3486755670377022,1,C21H39N7O10,549.5820000000004,309.52000000000004,-5.904200000000004,11,11,18,0
,NTTKS,True,,4,0.04105430161142964,0.4145416252759999,0.8411111111111113,1.0,0.3486755670377022,1,C21H39N7O10,549.5820000000004,309.52000000000004,-5.904200000000003,11,11,18,0
,GTTPS,True,,5,inf,0.6564308112244899,0.658888888888889,1.0,0.43251496784013616,2,C18H31N5O9,461.47200000000026,231.61999999999998,-4.770999999999992,8,9,11,0
,KTTKM,True,,5,inf,0.414398217742347,0.83625,0.8,0.3465405095870377,1,C25H49N7O8S,607.7750000000003,272.21999999999997,-2.8897999999999957,10,11,22,0
,KTNKS,True,,5,inf,0.3931244708959999,0.8411111111111113,1.0,0.3306613605203022,1,C23H44N8O9,576.6520000000005,315.31,-5.156000000000007,11,11,21,0
,KTTKQ,True,,5,inf,0.38803665356399986,0.8450000000000001,1.0,0.3278909722615799,1,C25H48N8O9,604.7060000000002,315.31,-4.377400000000002,11,11,22,0
,GTTKS,True,,5,1.1642562659068965,0.4781154987244898,0.8255555555555556,1.0,0.39471090616921767,1,C19H36N6O9,492.5300000000003,266.43,-5.1482,10,10,16,0
,ATTKA,True,,5,1.1640960752031395,0.5796423469387755,0.6870833333333334,1.0,0.39826259587585033,2,C20H38N6O8,490.55800000000033,246.2,-3.732099999999993,9,9,15,0
,KTTMP,True,,5,1.1625814672105503,0.6125850618599796,0.6695833333333333,0.8,0.41017674767041135,2,C24H44N6O8S,576.7170000000002,237.40999999999997,-2.5125999999999893,8,10,17,0
,ATTKS,True,,5,0.29486457913273606,0.47807250447548977,0.8333333333333334,1.0,0.3983937537295748,1,C20H38N6O9,506.55700000000036,266.43,-4.759699999999997,10,10,16,0
,KPPKS,True,,5,0.22082596446672842,0.6492106826403877,0.6666666666666666,1.0,0.4328071217602585,2,C25H45N7O7,555.6770000000005,234.40999999999997,-2.3997999999999915,7,9,16,0
,KTTGA,True,,5,0.13460287729991385,0.5796423469387756,0.6793055555555556,1.0,0.39375426651077106,2,C19H36N6O8,476.5310000000003,246.19999999999996,-4.120599999999994,9,9,15,0
,KTAKP,True,,5,0.1340475407224856,0.6017483824848162,0.6773611111111112,1.0,0.40760095296922905,2,C24H45N7O7,543.6660000000005,243.2,-2.4975999999999923,8,9,17,0
,PVTKS,True,,5,0.08216703309726467,0.6086096285546734,0.6744444444444445,1.0,0.4104733828140964,2,C23H42N6O8,530.6230000000005,232.21,-3.0796999999999923,9,9,16,0
,KNTKS,True,,5,0.045075915959683015,0.3931244708959999,0.8411111111111113,1.0,0.3306613605203022,1,C23H44N8O9,576.6520000000004,315.31,-5.156000000000003,11,11,21,0
,KTTPM,True,,5,0.030483563704542853,0.6125850618599796,0.6695833333333333,0.8,0.41017674767041135,2,C24H44N6O8S,576.7170000000004,237.40999999999997,-2.51259999999999,8,10,17,0
,VTTPS,True,,6,inf,0.6549181874154899,0.658888888888889,1.0,0.4315183168193173,2,C21H37N5O9,503.55300000000034,231.61999999999998,-3.7463999999999906,8,9,12,0
,MTTPS,True,,6,inf,0.6476620268244898,0.6666666666666666,0.8,0.43177468454965984,2,C21H37N5O9S,535.6200000000005,231.61999999999998,-3.649299999999991,8,10,14,0
,KTTKK,True,,6,inf,0.3880274374999999,0.8450000000000001,1.0,0.32788318468749994,1,C26H52N8O8,604.7500000000001,298.24,-3.5139000000000005,11,11,23,0
,MTTKP,True,,6,1.1765388958210325,0.6125850618599795,0.6695833333333333,0.8,0.4101767476704113,2,C24H44N6O8S,576.7170000000002,237.41,-2.51259999999999,8,10,17,0
,KTTSA,True,,6,1.022753603172689,0.47807250447549,0.694861111111111,1.0,0.3321939916515106,2,C20H38N6O9,506.5570000000003,266.42999999999995,-4.759699999999996,10,10,16,0
,KTTVS,True,,6,0.8485781029574658,0.47041757740349,0.8255555555555556,1.0,0.3883558444564368,1,C22H42N6O9,534.6110000000004,266.42999999999995,-4.123599999999996,10,10,17,0
,KTTPT,True,,6,0.2568942704610667,0.5448063687078367,0.6870833333333334,1.0,0.3743273758330095,2,C23H42N6O9,546.6220000000004,257.64,-3.884899999999994,9,10,15,0
,KTTMS,True,,6,0.2188518582642355,0.45016954304048995,0.8333333333333334,0.8,0.37514128586707496,1,C22H42N6O9S,566.6780000000003,266.42999999999995,-4.026499999999995,10,11,19,0
,TTTKS,True,,6,0.1638810032322781,0.42316168411099997,0.8333333333333334,1.0,0.3526347367591667,1,C21H40N6O10,536.5830000000004,286.66,-5.398800000000003,11,11,17,0
,PTTAS,True,,6,0.1470998197088531,0.6387395867346939,0.6666666666666666,1.0,0.4258263911564626,2,C19H33N5O9,475.4990000000002,226.41999999999996,-4.4639999999999915,9,9,12,0
,KTTTS,True,,6,0.13164280373945217,0.42316168411099997,0.8333333333333334,1.0,0.3526347367591667,1,C21H40N6O10,536.5830000000004,286.65999999999997,-5.3988,11,11,17,0
,KTTMA,True,,6,0.12447791589468632,0.5575739858977755,0.6870833333333334,0.8,0.38309979281059664,2,C22H42N6O8S,550.6790000000003,246.19999999999996,-2.998899999999991,9,10,18,0
,KPAKS,True,,6,0.12262456270806238,0.6027766317198164,0.6744444444444445,1.0,0.4065393505043651,2,C23H43N7O7,529.6390000000005,243.19999999999996,-2.886099999999994,8,9,17,0
,GTTKA,True,,6,0.10358239350662735,0.5796423469387755,0.6793055555555556,1.0,0.393754266510771,2,C19H36N6O8,476.5310000000003,246.2,-4.120599999999994,9,9,15,0
,MTTKA,True,,6,0.06710537546033868,0.5575739858977755,0.6870833333333334,0.8,0.38309979281059664,2,C22H42N6O8S,550.6790000000004,246.2,-2.998899999999993,9,10,18,0
,KTSPS,True,,6,0.06710537546033868,0.5466352089678368,0.6822222222222222,1.0,0.3729266870069464,2,C21H38N6O9,518.5680000000004,257.64,-4.661899999999997,9,10,15,0
,KVTKP,True,,6,0.05826958385400718,0.5910113436408162,0.6773611111111112,1.0,0.400328100407814,2,C26H49N7O7,571.7200000000003,243.2,-1.8614999999999906,8,9,18,0
,KTTAG,True,,6,0.05304570325699245,0.5796423469387756,0.6783333333333333,1.0,0.3931907253401361,2,C19H36N6O8,476.5310000000003,246.19999999999996,-4.120599999999994,9,9,15,0
,KTVKP,True,,6,0.04930666759029053,0.5910113436408162,0.6773611111111112,1.0,0.400328100407814,2,C26H49N7O7,571.7200000000003,243.2,-1.8614999999999906,8,9,18,0
,KSTPS,True,,6,0.022524034616869686,0.5466352089678368,0.6822222222222222,1.0,0.3729266870069464,2,C21H38N6O9,518.5680000000004,257.64,-4.661899999999997,9,10,15,0
,LTTPS,True,,7,inf,0.6521217548244899,0.658888888888889,1.0,0.4296757784565806,2,C22H39N5O9,517.5800000000004,231.61999999999998,-3.3562999999999907,8,9,13,0
,PTTMS,True,,7,inf,0.6269708023346939,0.6666666666666666,0.8,0.4179805348897959,2,C21H37N5O9S,535.6200000000003,226.41999999999996,-3.7307999999999906,9,10,15,0
,KAPKS,True,,7,inf,0.6027766317198163,0.6744444444444445,1.0,0.40653935050436507,2,C23H43N7O7,529.6390000000006,243.2,-2.886099999999994,8,9,17,0
