sequence,scenario,penetration_score_original,penetration_score_adjusted,functional_score,molecular_weight,tpsa,logp
PTTPS,baseline,0.686630075131,0.01,0.6666666666666666,501.5370000000003,217.62999999999997,-3.9776999999999907
KTTPP,baseline,0.677510092044,0.01,0.6695833333333333,542.6340000000005,228.61999999999998,-2.7594999999999894
KTTKS,baseline,0.39494829559099986,0.01,1.0,563.6530000000005,292.45,-4.650599999999999
KTTPS,baseline,0.5459175455668367,0.01,0.8333333333333334,532.5950000000005,257.64,-4.273399999999995
KTTPA,baseline,0.6346951327329797,0.01,0.6870833333333334,516.5960000000005,237.40999999999997,-3.245799999999992
KTTKA,baseline,0.43424276465134704,0.01,0.8537500000000001,547.6540000000005,272.21999999999997,-3.6229999999999976
KTTKP,baseline,0.5042459572482447,0.01,0.83625,573.6920000000002,263.43,-3.136699999999996
KTTKG,baseline,0.435382893238347,0.01,0.8450000000000001,533.6270000000005,272.21999999999997,-4.011499999999999
KTTPG,baseline,0.6349639601879797,0.01,0.6783333333333333,502.5690000000004,237.40999999999997,-3.6342999999999925
PTTPS,tpsa_minus30,0.686630075131,0.01,0.6666666666666666,501.5370000000003,217.62999999999997,-3.9776999999999907
KTTPP,tpsa_minus30,0.677510092044,0.01,0.6695833333333333,542.6340000000005,228.61999999999998,-2.7594999999999894
KTTKS,tpsa_minus30,0.39494829559099986,0.01,1.0,563.6530000000005,292.45,-4.650599999999999
KTTPS,tpsa_minus30,0.5459175455668367,0.01,0.8333333333333334,532.5950000000005,257.64,-4.273399999999995
KTTPA,tpsa_minus30,0.6346951327329797,0.01,0.6870833333333334,516.5960000000005,237.40999999999997,-3.245799999999992
KTTKA,tpsa_minus30,0.43424276465134704,0.01,0.8537500000000001,547.6540000000005,272.21999999999997,-3.6229999999999976
KTTKP,tpsa_minus30,0.5042459572482447,0.01,0.83625,573.6920000000002,263.43,-3.136699999999996
KTTKG,tpsa_minus30,0.435382893238347,0.01,0.8450000000000001,533.6270000000005,272.21999999999997,-4.011499999999999
KTTPG,tpsa_minus30,0.6349639601879797,0.01,0.6783333333333333,502.5690000000004,237.40999999999997,-3.6342999999999925
PTTPS,tpsa_plus30,0.686630075131,0.01,0.6666666666666666,501.5370000000003,217.62999999999997,-3.9776999999999907
KTTPP,tpsa_plus30,0.677510092044,0.01,0.6695833333333333,542.6340000000005,228.61999999999998,-2.7594999999999894
KTTKS,tpsa_plus30,0.39494829559099986,0.01,1.0,563.6530000000005,292.45,-4.650599999999999
KTTPS,tpsa_plus30,0.5459175455668367,0.01,0.8333333333333334,532.5950000000005,257.64,-4.273399999999995
KTTPA,tpsa_plus30,0.6346951327329797,0.01,0.6870833333333334,516.5960000000005,237.40999999999997,-3.245799999999992
KTTKA,tpsa_plus30,0.43424276465134704,0.01,0.8537500000000001,547.6540000000005,272.21999999999997,-3.6229999999999976
KTTKP,tpsa_plus30,0.5042459572482447,0.01,0.83625,573.6920000000002,263.43,-3.136699999999996
KTTKG,tpsa_plus30,0.435382893238347,0.01,0.8450000000000001,533.6270000000005,272.21999999999997,-4.011499999999999
KTTPG,tpsa_plus30,0.6349639601879797,0.01,0.6783333333333333,502.5690000000004,237.40999999999997,-3.6342999999999925
PTTPS,mw_minus30,0.686630075131,0.01,0.6666666666666666,501.5370000000003,217.62999999999997,-3.9776999999999907
KTTPP,mw_minus30,0.677510092044,0.01,0.6695833333333333,542.6340000000005,228.61999999999998,-2.7594999999999894
KTTKS,mw_minus30,0.39494829559099986,0.01,1.0,563.6530000000005,292.45,-4.650599999999999
KTTPS,mw_minus30,0.5459175455668367,0.01,0.8333333333333334,532.5950000000005,257.64,-4.273399999999995
KTTPA,mw_minus30,0.6346951327329797,0.01,0.6870833333333334,516.5960000000005,237.40999999999997,-3.245799999999992
KTTKA,mw_minus30,0.43424276465134704,0.01,0.8537500000000001,547.6540000000005,272.21999999999997,-3.6229999999999976
KTTKP,mw_minus30,0.5042459572482447,0.01,0.83625,573.6920000000002,263.43,-3.136699999999996
KTTKG,mw_minus30,0.435382893238347,0.01,0.8450000000000001,533.6270000000005,272.21999999999997,-4.011499999999999
KTTPG,mw_minus30,0.6349639601879797,0.01,0.6783333333333333,502.5690000000004,237.40999999999997,-3.6342999999999925
PTTPS,mw_plus30,0.686630075131,0.01,0.6666666666666666,501.5370000000003,217.62999999999997,-3.9776999999999907
KTTPP,mw_plus30,0.677510092044,0.01,0.6695833333333333,542.6340000000005,228.61999999999998,-2.7594999999999894
KTTKS,mw_plus30,0.39494829559099986,0.01,1.0,563.6530000000005,292.45,-4.650599999999999
KTTPS,mw_plus30,0.5459175455668367,0.01,0.8333333333333334,532.5950000000005,257.64,-4.273399999999995
KTTPA,mw_plus30,0.6346951327329797,0.01,0.6870833333333334,516.5960000000005,237.40999999999997,-3.245799999999992
KTTKA,mw_plus30,0.43424276465134704,0.01,0.8537500000000001,547.6540000000005,272.21999999999997,-3.6229999999999976
KTTKP,mw_plus30,0.5042459572482447,0.01,0.83625,573.6920000000002,263.43,-3.136699999999996
KTTKG,mw_plus30,0.435382893238347,0.01,0.8450000000000001,533.6270000000005,272.21999999999997,-4.011499999999999
KTTPG,mw_plus30,0.6349639601879797,0.01,0.6783333333333333,502.5690000000004,237.40999999999997,-3.6342999999999925
PTTPS,logp_minus30,0.686630075131,0.1308861595370245,0.6666666666666666,501.5370000000003,217.62999999999997,-3.9776999999999907
KTTPP,logp_minus30,0.677510092044,0.13353776411127805,0.6695833333333333,542.6340000000005,228.61999999999998,-2.7594999999999894
KTTKS,logp_minus30,0.39494829559099986,0.01,1.0,563.6530000000005,292.45,-4.650599999999999
KTTPS,logp_minus30,0.5459175455668367,0.01,0.8333333333333334,532.5950000000005,257.64,-4.273399999999995
KTTPA,logp_minus30,0.6346951327329797,0.07411653691970328,0.6870833333333334,516.5960000000005,237.40999999999997,-3.245799999999992
KTTKA,logp_minus30,0.43424276465134704,0.01,0.8537500000000001,547.6540000000005,272.21999999999997,-3.6229999999999976
KTTKP,logp_minus30,0.5042459572482447,0.01,0.83625,573.6920000000002,263.43,-3.136699999999996
KTTKG,logp_minus30,0.435382893238347,0.01,0.8450000000000001,533.6270000000005,272.21999999999997,-4.011499999999999
KTTPG,logp_minus30,0.6349639601879797,0.07428295689122814,0.6783333333333333,502.5690000000004,237.40999999999997,-3.6342999999999925
PTTPS,logp_plus30,0.686630075131,0.01,0.6666666666666666,501.5370000000003,217.62999999999997,-3.9776999999999907
KTTPP,logp_plus30,0.677510092044,0.01,0.6695833333333333,542.6340000000005,228.61999999999998,-2.7594999999999894
KTTKS,logp_plus30,0.39494829559099986,0.01,1.0,563.6530000000005,292.45,-4.650599999999999
KTTPS,logp_plus30,0.5459175455668367,0.01,0.8333333333333334,532.5950000000005,257.64,-4.273399999999995
KTTPA,logp_plus30,0.6346951327329797,0.01,0.6870833333333334,516.5960000000005,237.40999999999997,-3.245799999999992
KTTKA,logp_plus30,0.43424276465134704,0.01,0.8537500000000001,547.6540000000005,272.21999999999997,-3.6229999999999976
KTTKP,logp_plus30,0.5042459572482447,0.01,0.83625,573.6920000000002,263.43,-3.136699999999996
KTTKG,logp_plus30,0.435382893238347,0.01,0.8450000000000001,533.6270000000005,272.21999999999997,-4.011499999999999
KTTPG,logp_plus30,0.6349639601879797,0.01,0.6783333333333333,502.5690000000004,237.40999999999997,-3.6342999999999925
