name,sequence,conformer_id,radius_of_gyration,energy,force_field,optimization_converged
PTTPS,PTTPS,0,5.194921342657328,121.26491060445893,MMFF,False
PTTPS,PTTPS,1,5.3804449747713825,123.44616178179557,MMFF,False
PTTPS,PTTPS,2,5.167165266490706,123.75604679120869,MMFF,False
PTTPS,PTTPS,3,4.862931907046495,127.53614065196777,MMFF,False
PTTPS,PTTPS,4,4.625606309270409,121.94518819984427,MMFF,False
PTTPS,PTTPS,5,4.928698221334811,127.31852199983054,MMFF,False
PTTPS,PTTPS,6,5.4681565925389455,129.85770391318235,MMFF,False
PTTPS,PTTPS,7,4.767331987035616,116.04235983700953,MMFF,False
KTTPP,KTTPP,0,5.633704856093376,142.95508747115161,MMFF,False
KTTPP,KTTPP,1,5.519248282089144,129.689133323391,MMFF,False
KTTPP,KTTPP,2,4.689668868949985,123.79777710377235,MMFF,False
KTTPP,KTTPP,3,5.728216497770089,125.75888193503843,MMFF,False
KTTPP,KTTPP,4,4.9589454363278085,113.67713025824472,MMFF,False
KTTPP,KTTPP,5,5.241579353907667,114.81043393902966,MMFF,False
KTTPP,KTTPP,6,5.539886346671744,116.40902092810244,MMFF,False
KTTPP,KTTPP,7,4.660247313036105,126.26567514214437,MMFF,False
KTTPG,KTTPG,0,5.092269159110804,103.09555453795821,MMFF,False
KTTPG,KTTPG,1,5.175919680567649,104.28353020434065,MMFF,False
KTTPG,KTTPG,2,4.761580607217945,102.75375073704473,MMFF,False
KTTPG,KTTPG,3,4.7970508215262955,94.82230470046447,MMFF,False
KTTPG,KTTPG,4,4.567484304862898,104.00787831317916,MMFF,False
KTTPG,KTTPG,5,4.774060971342007,113.79427130206892,MMFF,False
KTTPG,KTTPG,6,4.792756995693984,103.28059766637979,MMFF,False
KTTPG,KTTPG,7,5.4519803080131615,99.72629658450946,MMFF,False
KTTPA,KTTPA,0,5.055665394500825,99.53824785576131,MMFF,False
KTTPA,KTTPA,1,5.093026713834194,99.59061689401275,MMFF,False
KTTPA,KTTPA,2,4.689380171000963,108.92733030163232,MMFF,False
KTTPA,KTTPA,3,5.336904679912526,107.69634297247087,MMFF,False
KTTPA,KTTPA,4,4.810908324044127,102.66105310434897,MMFF,False
KTTPA,KTTPA,5,5.612835698061225,104.59735889344799,MMFF,False
KTTPA,KTTPA,6,4.469002030748813,108.7443166452172,MMFF,False
KTTPA,KTTPA,7,5.672256074907494,96.70451150852006,MMFF,False
KTTPS,KTTPS,0,4.542306324644702,119.27178860861122,MMFF,False
KTTPS,KTTPS,1,4.484554992476823,112.97739786300158,MMFF,False
KTTPS,KTTPS,2,5.361968460394992,116.82862623520029,MMFF,False
KTTPS,KTTPS,3,4.8547115672711465,122.19117460065019,MMFF,False
KTTPS,KTTPS,4,5.012509695162472,124.18549200766574,MMFF,False
KTTPS,KTTPS,5,5.495871324190699,112.79105152936111,MMFF,False
KTTPS,KTTPS,6,6.060517062753757,116.69845729761047,MMFF,False
KTTPS,KTTPS,7,4.856788143797551,122.43087444261268,MMFF,False
